{"is_source_file": true, "format": "Python", "description": "The file is a Python source file setting up a FastAPI application with CORS middleware and a health check endpoint.", "external_files": ["fastapi", "fastapi.middleware.cors"], "external_methods": ["FastAPI", "CORSMiddleware"], "published": ["app"], "classes": [], "methods": [{"name": "health_check()", "description": "A GET endpoint at '/' that returns a health status message.", "scope": "", "scopeKind": ""}], "calls": ["app.add_middleware", "app.get"], "search-terms": ["FastAPI", "CORS", "health check endpoint", "main.py", "CORS middleware setup"], "state": 2, "file_id": 3, "knowledge_revision": 9, "git_revision": "e96c903d51f4d790e0f9879535d86a48f0958cd7", "ctags": [{"_type": "tag", "name": "app", "path": "/home/kavia/workspace/code-generation/simple-notes-app-315314-315344/notes_backend/src/api/main.py", "pattern": "/^app = FastAPI()$/", "language": "Python", "kind": "variable"}, {"_type": "tag", "name": "health_check", "path": "/home/kavia/workspace/code-generation/simple-notes-app-315314-315344/notes_backend/src/api/main.py", "pattern": "/^def health_check():$/", "language": "Python", "kind": "function", "signature": "()"}], "hash": "58352bf5f133908bab16643199aa483d", "format-version": 4, "code-base-name": "notes_backend", "filename": "notes_backend/src/api/main.py", "fields": [{"name": "app = FastAPI()", "scope": "", "scopeKind": "", "description": "unavailable"}], "revision_history": [{"9": "e96c903d51f4d790e0f9879535d86a48f0958cd7"}]}